<application>
  <component name="WindowManager">
    <frame x="1721" y="25" width="1719" height="1354" />
  </component>
  <component name="WindowStateApplicationService">
    <state width="691" height="135" key="ShowUsagesActions.dimensionServiceKey" timestamp="1728110485327">
      <screen x="0" y="25" width="3440" height="1354" />
    </state>
    <state width="691" height="135" key="ShowUsagesActions.dimensionServiceKey/0.25.3440.1354" timestamp="1728110485327" />
    <state x="1720" y="584" width="800" height="650" key="WELCOME_SCREEN" timestamp="1728115235763">
      <screen x="0" y="25" width="3440" height="1354" />
    </state>
    <state x="1720" y="584" width="800" height="650" key="WELCOME_SCREEN/0.25.3440.1354" timestamp="1728115235763" />
  </component>
</application>